Time,Temperature,Capacitive Reading
1741393550.169714,29.10,362
1741393552.5227919,29.00,361
1741393554.8369532,29.10,361
1741393556.3387918,29.30,361
