Time,Temperature,Capacitive Reading
1741465552.583696,29.89,377
1741465554.000982,29.99,377
1741465555.408021,29.59,378
1741465558.0469089,29.69,377
